wind_speed,swr,a_seiche,par_id
0.83074,0.84259,0.0018148,p01
0.75984,0.73449,0.0008941,p02
1.2087,1.2017,0.0028815,p03
1.5515,0.92196,0.001534,p04
1.4133,1.303,0.002064,p05
0.61442,0.61517,0.0027215,p06
1.3389,1.1077,0.0010676,p07
0.99071,0.57642,0.0023583,p08
1.887,1.0197,0.0014541,p09
1.7779,1.4021,0.0021264,p10
