wind_speed,swr,mixing/coef_mix_hyp,par_id
1.8167,0.80072,0.20425,p01
1.0157,0.52886,0.72799,p02
1.6188,0.96762,1.299,p03
1.5449,1.3986,1.4457,p04
0.81748,1.0576,0.457,p05
0.72005,1.2393,1.8585,p06
1.3243,0.67984,1.0419,p07
0.50967,0.76251,1.7209,p08
1.8633,1.1178,0.61317,p09
1.2225,1.4196,1.1785,p10
