wind_speed,swr,Phys.par/C_shelter,par_id
1.3513,0.91337,0.14272,p01
1.9038,1.3826,0.14046,p02
0.68109,0.62965,0.15118,p03
1.5743,1.0379,0.15587,p04
1.7959,0.7843,0.14846,p05
1.1354,0.82444,0.15978,p06
0.9559,1.4274,0.15393,p07
1.4936,1.1759,0.14574,p08
0.8323,1.2544,0.15612,p09
0.54863,0.55371,0.14736,p10
