wind_speed,swr,c_relax_C,par_id
1.9266,1.4922,0.006975,p01
1.847,0.66896,0.0058215,p02
1.097,1.3345,0.0040317,p03
0.81216,0.97688,0.0073378,p04
1.6784,1.0939,0.0049035,p05
1.5364,1.1192,0.009769,p06
0.66376,0.72291,0.0017611,p07
1.2662,1.2192,0.0024273,p08
0.62441,0.54318,0.00054354,p09
1.1716,0.80864,0.0090099,p10
