wind_speed,swr,turb_param/k_min,par_id
1.5084,0.70967,0.00024872,p01
1.9167,0.99497,0.00010601,p02
0.89787,0.61439,0.0003534,p03
0.54061,1.4615,6.4482e-06,p04
1.1146,1.3347,0.00013806,p05
1.6786,1.1652,6.3629e-05,p06
1.2522,0.84789,4.9443e-05,p07
1.7422,0.59874,2.9921e-05,p08
0.67062,1.0031,1.759e-05,p09
0.99785,1.2915,8.8484e-06,p10
